,AG,AR
count,100.0,100.0
mean,98.35,97.86
std,1.4590366269521415,1.6576727022783435
min,94.0,94.0
25%,97.75,97.0
50%,99.0,98.0
75%,99.0,99.0
max,100.0,100.0
