,AG,AR
count,125.0,125.0
mean,96.696,87.872
std,1.5038874357327563,2.56834325914084
min,91.0,79.0
25%,96.0,86.0
50%,97.0,88.0
75%,98.0,90.0
max,99.0,93.0
