,AG,AR
count,125.0,125.0
mean,97.096,79.288
std,1.4223107051328436,3.69789826968012
min,94.0,69.0
25%,96.0,78.0
50%,97.0,80.0
75%,98.0,81.0
max,100.0,86.0
