,AG,AR
count,125.0,125.0
mean,96.08,94.904
std,1.8604543323018292,2.4409939805135195
min,88.0,86.0
25%,95.0,94.0
50%,96.0,95.0
75%,97.0,97.0
max,99.0,99.0
